check_type,check_name,check_domain,check_application,full_description,check_type_short,check_category
Data Cycle Changes,dc_demog,Person,Demographics/Person,counts in the full person table in the previous and current data submissions,dc,Consistency
Data Cycle Changes,dc_drugsall,Drug Exposure,All Drugs,counts in the full drug_exposure table in the previous and current data submissions,dc,Consistency
Data Cycle Changes,dc_condsall,Condition Occurrence,All Conditions,counts in the full condition_occurrence table in the previous and current data submissions,dc,Consistency
Data Cycle Changes,dc_adtall,ADT Occurrence,All ADT,counts in the full adt_occurrence table in the previous and current data submissions,dc,Consistency
Data Cycle Changes,dc_deall,Device Exposure,All Devices,counts in the full device_exposure table in the previous and current data submissions,dc,Consistency
Data Cycle Changes,dc_immsall,Immunization,All Immunization,counts in the full immunization table in the previous and current data submissions,dc,Consistency
Data Cycle Changes,dc_visall,Visit Occurrence,All Visits,counts in the full visit_occurrence table in the previous and current data submissions,dc,Consistency
Data Cycle Changes,dc_vitalsall,Measurement,Measurement Vitals,counts of vital values in the measurement table in the previous and current data submissions,dc,Consistency
Data Cycle Changes,dc_labsall,Measurement,Measurement Labs,counts of lab values in the measurement table in the previous and current data submissions,dc,Consistency
Data Cycle Changes,dc_condsop,Condition Occurrence,Outpatient Conditions: All,"counts of all outpatient conditions (condition_type_concept_id = 2000000095, 2000000096, 2000000097, 2000000101, 2000000102, or 2000000103) in the previous and current data submissions",dc,Consistency
Data Cycle Changes,dc_condsip,Condition Occurrence,Inpatient Conditions: All,"counts of all inpatient conditions (condition_type_concept_id = 2000000092, 2000000093, 2000000094, 2000000098, 2000000099, or 2000000100) in the previous and current data submissions",dc,Consistency
Data Cycle Changes,dc_condsed,Condition Occurrence,ED Conditions: All,"counts of all emergency department conditions (condition_type_concept_id = 2000001280, 2000001281, 2000001282, 2000001283, 2000001284, or 2000001285) in the previous and current data submissions",dc,Consistency
Data Cycle Changes,dc_condsop-condsbill,Condition Occurrence,Outpatient Conditions: Billing,"counts of billed outpatient conditions (condition_type_concept_id = 2000000096, 2000000097, 2000000102, or 2000000103) in the previous and current data submissions",dc,Consistency
Data Cycle Changes,dc_condsop-condsorder,Condition Occurrence,Outpatient Conditions: Order,counts of ordered outpatient conditions (condition_type_concept_id = 2000000095 or 2000000101) in the previous and current data submissions,dc,Consistency
Data Cycle Changes,dc_condsip-condsorder,Condition Occurrence,Inpatient Conditions: Order,counts of ordered inpatient conditions (condition_type_concept_id = 2000000092 or 2000000098) in the previous and current data submissions,dc,Consistency
Data Cycle Changes,dc_condsip-condsbill,Condition Occurrence,Inpatient Conditions: Billing,"counts of billed inpatient conditions (condition_type_concept_id = 2000000099, 2000000100, 2000000093, or 2000000094) in the previous and current data submissions",dc,Consistency
Data Cycle Changes,dc_adtpicu,ADT Occurrence,PICU,counts of PICU (service_concept_id = 2000000078) in the previous and current data submissions,dc,Consistency
Data Cycle Changes,dc_adtnicu,ADT Occurrence,NICU,counts of NICU (service_concept_id = 2000000080) in the previous and current data submissions,dc,Consistency
Data Cycle Changes,dc_adtcicu,ADT Occurrence,CICU,counts of CICU (service_concept_id = 2000000079) in the previous and current data submissions,dc,Consistency
Data Cycle Changes,dc_visofc,Visit Occurrence,Outpatient Office Visits,counts of outpatient office visits (visit_concept_id = 9202) in the previous and current data submissions,dc,Consistency
Data Cycle Changes,dc_vislabs,Visit Occurrence,Outpatient Visits with Labs,counts of outpatient lab visits (visit_concept_id = 2000000469) in the previous and current data submissions,dc,Consistency
Data Cycle Changes,dc_vistele,Visit Occurrence,Outpatient Telehealth Visits,counts of outpatient telehealth visits (visit_concept_id = 581399) in the previous and current data submissions,dc,Consistency
Data Cycle Changes,dc_visoa,Visit Occurrence,Other Ambulatory Outpatient Visits,counts of outpatient other ambulatory visits (visit_concept_id = 44814711) in the previous and current data submissions,dc,Consistency
Data Cycle Changes,dc_visip,Visit Occurrence,Inpatient Visits,counts of inpatient visits (visit_concept_id = 9201) in the previous and current data submissions,dc,Consistency
Data Cycle Changes,dc_visei,Visit Occurrence,Inpatient or ED to Inpatient Visits,counts of inpatient or emergency to inpatient visits (visit_concept_id = 2000000048) in the previous and current data submissions,dc,Consistency
Data Cycle Changes,dc_visobs,Visit Occurrence,Observation Visits,counts of observation visits (visit_concept_id = 2000000088) in the previous and current data submissions,dc,Consistency
Data Cycle Changes,dc_drugspresc,Drug Exposure,Prescription Drugs,counts of prescription drugs (drug_type_concept_id = 3800177) in the previous and current data submissions,dc,Consistency
Data Cycle Changes,dc_drugsip,Drug Exposure,Inpatient Administrations,counts of inpatient administrations (drug_type_concept_id = 38000180) in the previous and current data submissions,dc,Consistency
Data Cycle Changes,dc_procsall,Procedure Occurrence,All Procedures,counts in the full procedure_occurrence table in the previous and current data submissions,dc,Consistency
Data Cycle Changes,dc_procsbill,Procedure Occurrence,Billed Procedures,counts of billed procedures (procedure_type_concept_id = 44786630 or 44786631) in the previous and current data submissions,dc,Consistency
Data Cycle Changes,dc_procsorder,Procedure Occurrence,Ordered Procedures,counts of ordered procedures (procedure_type_concept_id = 2000001494 or 38000275) in the previous and current data submissions,dc,Consistency
Data Cycle Changes,dc_anthros,Measurement,Anthropometrics,counts of anthropometric values in the measurement table in the previous and current data submissions,dc,Consistency
Data Cycle Changes,dc_condscovid19-labscovid19,Measurement,COVID-19 Diagnosed Pts with Labs,"counts of COVID-19 diagnoses with an accompanying COVID-19 lab in the previous and current data submissions (codesets: c19_dx, c19_viral_labs; found in specs folder of GitHub repository)",dc,Consistency
Data Cycle Changes,dc_csall,Care Site,Care Site,counts in the full care_site table in the previous and current data submissions,dc,Consistency
Data Cycle Changes,dc_provall,Provider,Provider,counts in the full provider table in the previous and current data submissions,dc,Consistency
Data Cycle Changes,dc_specall,Specialty,Specialty,counts in the full specialty table in the previous and current data submissions,dc,Consistency
Data Cycle Changes,dc_drugsrprt,Drug Exposure,Patient Reported Drugs,counts of patient reported drugs (drug_type_concept_id = 32685) in the previous and current data submissions,dc,Consistency
Expected Concepts Present,ecp_tract-2010,Location FIPS,Census Tract Geocode (2010),"counts the proportion of patients with a valid sex, DOB, and at least 1 diagnosis associated with a FTF visit that also have have a valid, 11-digit tract level geocode for the 2010 census year associated with their current location (location_id in the person table)",ecp,Correctness
Expected Concepts Present,ecp_tract-2020,Location FIPS,Census Tract Geocode (2020),"counts the proportion of patients with a valid sex, DOB, and at least 1 diagnosis associated with a FTF visit that also have a valid, 11-digit tract level geocode for the 2020 census year associated with their current location (location_id in the person table)",ecp,Correctness
Expected Concepts Present,ecp_blgr-2010,Location FIPS,Census Block Group Geocode (2010),"counts the proportion of patients with a valid sex, DOB, and at least 1 diagnosis associated with a FTF visit that also have a valid, 12-digit block group level geocode for the 2010 census year associated with their current location (location_id in the person table)",ecp,Correctness
Expected Concepts Present,ecp_blgr-2020,Location FIPS,Census Block Group Geocode (2020),"counts the proportion of patients with a valid sex, DOB, and at least 1 diagnosis associated with a FTF visit that also have a valid, 12-digit block group level geocode for the 2020 census year associated with their current location (location_id in the person table)",ecp,Correctness
Expected Concepts Present,ecp_lohis-twoplus-tract-2010,Location History,2+ Census Tract Location History Geocodes (2010),"counts the proportion of patients with a valid sex, DOB, and at least 1 diagnosis associated with a FTF visit that also have a valid, 11-digit tract level geocode for the 2010 census associated with MORE THAN ONE location in the location_history table",ecp,Correctness
Expected Concepts Present,ecp_lohis-twoplus-tract-2020,Location History,2+ Census Tract Location History Geocodes (2020),"counts the proportion of patients with a valid sex, DOB, and at least 1 diagnosis associated with a FTF visit that also have a valid, 11-digit tract level geocode for the 2020 census associated with MORE THAN ONE location in the location_history table",ecp,Correctness
Expected Concepts Present,ecp_lohis-twoplus-blgr-2010,Location History,2+ Census Block Group Location History Geocodes (2010),"counts the proportion of patients with a valid sex, DOB, and at least 1 diagnosis associated with a FTF visit that also have a valid, 12-digit block group level geocode for the 2010 census associated with MORE THAN ONE location in the location_history table",ecp,Correctness
Expected Concepts Present,ecp_lohis-twoplus-blgr-2020,Location History,2+ Census Block Group Location History Geocodes (2020),"counts the proportion of patients with a valid sex, DOB, and at least 1 diagnosis associated with a FTF visit that also have a valid, 12-digit block group level geocode for the 2020 census associated with MORE THAN ONE location in the location_history table",ecp,Correctness
Expected Concepts Present,ecp_ht,Measurement,Height,"counts the proportion of patients who have evidence of a drug, procedure, AND lab who also have a height value",ecp,Correctness
Expected Concepts Present,ecp_wt,Measurement,Weight,"counts the proportion of patients who have evidence of a drug, procedure, AND lab who also have a weight value",ecp,Correctness
Expected Concepts Present,ecp_headcirc,Measurement,Head Circumference,"counts the proportion of patients who have evidence of a drug, procedure, AND lab who also have a head circumference value",ecp,Correctness
Expected Concepts Present,ecp_labshgb,Measurement Labs,Hemoglobin,"counts the proportion of patients who have evidence of a drug, procedure, AND lab who also have a hemoglobin lab test",ecp,Correctness
Expected Concepts Present,ecp_labsplt,Measurement Labs,Platelets,"counts the proportion of patients who have evidence of a drug, procedure, AND lab who also have a platelet lab test",ecp,Correctness
Expected Concepts Present,ecp_labsanc,Measurement Labs,Absolute Neutrophil Count (ANC),"counts the proportion of patients who have evidence of a drug, procedure, AND lab who also have an ANC lab test",ecp,Correctness
Expected Concepts Present,ecp_labsscreat,Measurement Labs,Serum Creatanine (SCr),"counts the proportion of patients who have evidence of a drug, procedure, AND lab who also have a SCr lab test",ecp,Correctness
Expected Concepts Present,scp_labssodium,Measurement Labs,Sodium,"counts the proportion of patients who have evidence of a drug, procedure, AND lab who also have a sodium lab test",ecp,Correctness
Expected Concepts Present,ecp_labsalt,Measurement Labs,Alanine Transaminase,"counts the proportion of patients who have evidence of a drug, procedure, AND lab who also have an alanine transaminase lab test",ecp,Correctness
Expected Concepts Present,ecp_labsupqual,Measurement Labs,Urine Protein (Qualitative),"counts the proportion of patients who have evidence of a drug, procedure, AND lab who also have a qualitative urine protein lab test",ecp,Correctness
Expected Concepts Present,ecp_labsstreprapid,Measurement Labs,Rapid Strep,"counts the proportion of patients who have evidence of a drug, procedure, AND lab who also have a rapid strep lab test",ecp,Correctness
Expected Concepts Present,ecp_labsflu,Measurement Labs,Influenza Labs,"counts the proportion of patients who have evidence of a drug, procedure, AND lab who also have an influenza lab test",ecp,Correctness
Expected Concepts Present,ecp_labsrsv,Measurement Labs,RSV Labs,"counts the proportion of patients who have evidence of a drug, procedure, AND lab who also have an RSV lab test",ecp,Correctness
Expected Concepts Present,ecp_labsblcx,Measurement Labs,Blood Culture Labs,"counts the proportion of patients who have evidence of a drug, procedure, AND lab who also have a blood culture lab test",ecp,Correctness
Expected Concepts Present,ecp_labscholesterol,Measurement Labs,Cholesterol Labs,"counts the proportion of patients who have evidence of a drug, procedure, AND lab who also have a cholesterol lab test",ecp,Correctness
Expected Concepts Present,ecp_smk-tob,Observation,Smoking/Tobacco,"counts the proportion of patients who have evidence of a drug, procedure, AND lab who also have smoking/tobacco observations",ecp,Correctness
Expected Concepts Present,ecp_procsblcx,Procedure Occurrence,Blood Culture Procedures,"counts the proportion of patients who have evidence of a drug, procedure, AND lab who also have a blood culture procedure",ecp,Correctness
Expected Concepts Present,ecp_hvsall,Observation,Hunger Vital Signs (full survey),"counts the proportion of patients with a valid sex, DOB, and at least 1 diagnosis associated with a FTF visit that also have Hunger Vital Signs survey results",ecp,Correctness
Expected Concepts Present,ecp_hvsfood,Observation,Hunger Vital Signs - Food Insecurity Finding,"counts the proportion of patients with a valid sex, DOB, and at least 1 diagnosis associated with a FTF visit that also have at least one Hunger Vital Signs Food Insecurity Finding",ecp,Correctness
Expected Concepts Present,ecp_hvsq1,Observation,Hunger Vital Signs - Question 1,"counts the proportion of patients with a valid sex, DOB, and at least 1 diagnosis associated with a FTF visit that also have at least one Hunger Vital Signs Question 1 response",ecp,Correctness
Expected Concepts Present,ecp_hvsq2,Observation,Hunger Vital Signs - Question 2,"counts the proportion of patients with a valid sex, DOB, and at least 1 diagnosis associated with a FTF visit that also have at least one Hunger Vital Signs Question 2 response",ecp,Correctness
Expected Concepts Present,ecp_sdohaud,Observation,SDOH - Alcohol Use Disorder,"counts the proportion of patients with a valid sex, DOB, and at least 1 diagnosis associated with a FTF visit that also have Alcohol Use Disorder SDOH survey data",ecp,Correctness
Expected Concepts Present,ecp_sdohfood,Observation,SDOH - Food Insecurity,"counts the proportion of patients with a valid sex, DOB, and at least 1 diagnosis associated with a FTF visit that also have Food Insecurity SDOH survey data",ecp,Correctness
Expected Concepts Present,ecp_sdohlit,Observation,SDOH - Health Literacy,"NAcounts the proportion of patients with a valid sex, DOB, and at least 1 diagnosis associated with a FTF visit that also have Health Literacy SDOH survey data",ecp,Correctness
Expected Concepts Present,ecp_sdohhous,Observation,SDOH - Housing Stability,"NAcounts the proportion of patients with a valid sex, DOB, and at least 1 diagnosis associated with a FTF visit that also have Housing Stability SDOH survey data",ecp,Correctness
Expected Concepts Present,ecp_sdohipv,Observation,SDOH - Intimate Partner Violence,"counts the proportion of patients with a valid sex, DOB, and at least 1 diagnosis associated with a FTF visit that also have Intimate Partner Violence SDOH survey data",ecp,Correctness
Expected Concepts Present,ecp_sdohmdd,Observation,SDOH - Depression,"counts the proportion of patients with a valid sex, DOB, and at least 1 diagnosis associated with a FTF visit that also have Depression SDOH survey data",ecp,Correctness
Expected Concepts Present,ecp_sdohact,Observation,SDOH - Physical Activity,"counts the proportion of patients with a valid sex, DOB, and at least 1 diagnosis associated with a FTF visit that also have Physical Activity SDOH survey data",ecp,Correctness
Expected Concepts Present,ecp_sdohppd,Observation,SDOH - Postpartum Depression,"counts the proportion of patients with a valid sex, DOB, and at least 1 diagnosis associated with a FTF visit that also havePostpartum Depression SDOH survey data",ecp,Correctness
Expected Concepts Present,ecp_sdohstress,Observation,SDOH - Stress,"counts the proportion of patients with a valid sex, DOB, and at least 1 diagnosis associated with a FTF visit that also have Stress SDOH survey data",ecp,Correctness
Expected Concepts Present,ecp_sdohutil,Observation,SDOH - Utilities,"counts the proportion of patients with a valid sex, DOB, and at least 1 diagnosis associated with a FTF visit that also have Utilities SDOH survey data",ecp,Correctness
Expected Concepts Present,ecp_promisanxiety,Observation,PROMIS - Anxiety,"counts the proportion of patients with a valid sex, DOB, and at least 1 diagnosis associated with a FTF visit that also have Anxiety PROMIS survey data",ecp,Correctness
Expected Concepts Present,ecp_promismdd,Observation,PROMIS - Depression,"counts the proportion of patients with a valid sex, DOB, and at least 1 diagnosis associated with a FTF visit that also have Depression PROMIS survey data",ecp,Correctness
Expected Concepts Present,ecp_promisglobal,Observation,PROMIS - Global,"counts the proportion of patients with a valid sex, DOB, and at least 1 diagnosis associated with a FTF visit that also have Global PROMIS survey data",ecp,Correctness
Expected Concepts Present,ecp_promispainbehav,Observation,PROMIS - Pain Behavior,"counts the proportion of patients with a valid sex, DOB, and at least 1 diagnosis associated with a FTF visit that also have Pain Behavior PROMIS survey data",ecp,Correctness
Expected Concepts Present,ecp_promispainintens,Observation,PROMIS - Pain Intensity,"counts the proportion of patients with a valid sex, DOB, and at least 1 diagnosis associated with a FTF visit that also have Pain Intensity PROMIS survey data",ecp,Correctness
Expected Concepts Present,ecp_promispaininterf,Observation,PROMIS - Pain Interference,"counts the proportion of patients with a valid sex, DOB, and at least 1 diagnosis associated with a FTF visit that also have Pain Interference PROMIS survey data",ecp,Correctness
Expected Concepts Present,ecp_promisphysfunc,Observation,PROMIS - Physical Function,"counts the proportion of patients with a valid sex, DOB, and at least 1 diagnosis associated with a FTF visit that also have Physical Function PROMIS survey data",ecp,Correctness
Expected Concepts Present,ecp_procskidneybiopsy,Procedure Occurrence,Kidney Biopsy,counts the proportion of patients with at least one visit with a nephrologist who also have a kidney biopsy,ecp,Correctness
Best Mapped Concepts,bmc_drugsip-rxnorm,Drug Exposure,Inpatient Administrations,"for inpatient administrations (drug_type_concept_id = 38000180), counts of each RxNorm class to which concepts are mapped",bmc,Correctness
Best Mapped Concepts,bmc_drugspresc-rxnorm,Drug Exposure,Prescription Drugs,"for prescription drugs (drug_type_concept_id = 38000177), counts of each RxNorm class to which concepts are mapped",bmc,Correctness
Best Mapped Concepts,bmc_demog-race,Person,Race,counts of each concept_id represented in race_concept_id,bmc,Correctness
Best Mapped Concepts,bmc_demog-eth,Person,Ethnicity,counts of each concept_id represented in ethnicity_concept_id,bmc,Correctness
Best Mapped Concepts,bmc_provop,Provider,Outpatient Provider Specialty,counts of each unique specialty_concept_id for outpatient providers (visit_concept_id = 9202 when inner joined to visit_occurrence),bmc,Correctness
Best Mapped Concepts,bmc_csop,Care Site,Outpatient Care Site Specialty,counts of each unique specialty_concept_id for outpatient care sites (visit_concept_id = 9202 when inner joined to visit_occurrence),bmc,Correctness
Best Mapped Concepts,bmc_adtall-servcid,ADT Occurrence,service_concept_id,counts of each concept_id represented in service_concept_id,bmc,Correctness
Best Mapped Concepts,bmc_tract,Location FIPS,Census Tract Geocode,"counts of each distinct length of a census tract level geocode, removing NULL values and invalid characters (ideally is 11 digits)",bmc,Correctness
Best Mapped Concepts,bmc_blgr,Location FIPS,Census Block Group Geocode,"counts of each distinct length of a census tract level geocode, removing NULL values and invalid characters (ideally is 12 digits)",bmc,Correctness
Best Mapped Concepts,bmc_gestage,Person,Gestational Age,counts of patients (whose first visit occurred at <= 2 years old) with a gestational age within an ideal window of 20-45 weeks,bmc,Correctness
domainConcordance,dcon_condsckd-drugshtn,Condition Occurrence / Drug Exposure,CKD Diagnosis / Anti-hypertensive Drug Exposure,"counts of patients with a CKD diagnosis, patients with an anti-hypertensive drug exposure, and patients that fall into both cohorts when the events occur within 2 years of each other (codesets: dx_ckd, rx_htn; found in the specs folder of the GitHub repository)",dcon,Concordance
domainConcordance,dcon_condsasthma-drugsbroncho,Condition Occurrence / Drug Exposure,Asthma Diagnosis / Bronchodilator Drug Exposure,"counts of patients with an asthma diagnosis, a bronchodilator drug exposure, and patients that fall into both cohorts when the events occur within 3 months of each other (codesets: dx_asthma, rx_albuterol; found in the specs folder of the GitHub repository)¬†",dcon,Concordance
domainConcordance,dcon_condsleukemia-speconco,Condition Occurrence / Provider,Leukemia Diagnosis / Oncology Specialist,"counts of patients with a leukemia diagnosis, patients who have seen an oncology specialist, and patients that fall into both cohorts when the events occur within 3 months of each other (codesets: dx_leukemia_comb, oncology_edit; found in the specs folder of the GitHub repository)",dcon,Concordance
domainConcordance,dcon_condsnephsyn-specneph,Condition Occurrence / Provider,Nephrotic Syndrome Diagnosis / Nephrology Specialist,"counts of patients with a nephrotic syndrome diagnosis, patients who have seen a nephrology specialist, and patients that fall into both cohorts when the events occur within 2 years of each other (codesets: dx_nephrotic_syndrome, nephrology; found in the specs folder of the GitHub repository)",dcon,Concordance
domainConcordance,dcon_condsfrac-procsimg,Condition Occurrence / Procedure Occurrence,Fracture Diagnosis / Imaging Procedure,"counts of patients with a fracture diagnosis, an imaging procedure, and patients that fall into both cohorts when the events occur within 3 months of each other (codesets: dx_fracture, px_radiologic; found in the specs folder of the GitHub repository)",dcon,Concordance
domainConcordance,dcon_condst1d-drugsinsulin,Condition Occurrence / Drug Exposure,Type 1 Diabetes Diagnosis / Insulin Drug Exposure,"counts of patients with a Type 1 Diabetes diagnosis, an insulin drug exposure, and patients that fall into both cohorts when the events occur within 3 months of each other (codesets: T1D_SNOMED_codes, insulin; found in the specs folder of the GitHub repository)",dcon,Concordance
domainConcordance,dcon_labsflupos-condsflu,Condition Occurrence / Measurement,Influenza Diagnosis / Positive Influenza Lab Test,"counts of patients with an Influenza diagnosis, a positive influenza lab test, and patients that fall into both cohorts when the events occur within 3 months of each other (codesets: dx_influenza, lab_influenza; found in the specs folder of the GitHub repository)",dcon,Concordance
domainConcordance,dcon_labsfluneg-condsflu,Condition Occurrence / Measurement,Influenza Diagnosis / Negative Influenza Lab Test,"counts of patients with an Influenza diagnosis, a negative influenza lab test, and patients that fall into both cohorts when the events occur within 3 months of each other (codesets: dx_influenza, lab_influenza; found in the specs folder of the GitHub repository)",dcon,Concordance
domainConcordance,dcon_labsrsvpos-condsrsv,Condition Occurrence / Measurement,RSV Diagnosis / RSV Positive Lab Test,"counts of patients with an RSV diagnosis, a positive RSV lab test, and patients that fall into both cohorts when the events occur within 3 months of each other (codesets: dx_rsv, lab_rsv; found in the specs folder of the GitHub repository)",dcon,Concordance
domainConcordance,dcon_labsrsvneg-condsrsv,Condition Occurrence / Measurement,RSV Diagnosis / RSV Negative Lab Test,"counts of patients with an RSV diagnosis, a negative RSV lab test, and patients that fall into both cohorts when the events occur within 3 months of each other (codesets: dx_rsv, lab_rsv; found in the specs folder of the GitHub repository)",dcon,Concordance
domainConcordance,dcon_visip-condsip,Visit Occurrence / Condition Occurrence,Inpatient Visits / Inpatient Condition Headers,"counts of visits with visit_concept_id = 9201, visits with conditions with condition_type_concept_id = 2000000092, 2000000093, 2000000094, 2000000098, 2000000099, or 2000000100, and visits that fall into both groups¬†",dcon,Concordance
domainConcordance,dcon_visop-condsop,Visit Occurrence / Condition Occurrence,Outpatient Visits / Outpatient Condition Headers,"counts of visits with visit_concept_id = 9202, visits with conditions with condition_type_concept_id = 2000000095, 2000000096, 2000000097, 2000000101, 2000000102, or 2000000103, and visits that fall into both groups",dcon,Concordance
domainConcordance,dcon_vised-condsed,Visit Occurrence / Condition Occurrence,ED Visits / ED Condition Headers,"counts of visits with visit_concept_id = 9203, visits with conditions with condition_type_concept_id = 2000001280, 2000001281, 2000001282, 2000001283, 2000001284, or 2000001285, and visits that fall into both groups",dcon,Concordance
domainConcordance,dcon_visgp-condswcc-procswcc,Visit Occurrence / Condition Occurrence or Procedure Occurrence,General Practice Visits / Visits with Well-Child Code,"counts of visits with a general practice provider or care site specialty, visits with a well-child diagnosis or procedure code, or both (codesets: general_practice_specialties, px_wellness_visit; found in the specs folder of the GitHub repository)",dcon,Concordance
Clinical Fact Documentation,cfd_procsall,All Visits,All Procedures,counts of all visits with and without an associated procedure,cfd,Completeness
Clinical Fact Documentation,cfd_condsall,All Visits,All Conditions,counts of all visits with and without an associated condition,cfd,Completeness
Clinical Fact Documentation,cfd_drugsall,All Visits,All Drugs,counts of all visits with and without an associated drug,cfd,Completeness
Clinical Fact Documentation,cfd_procsall-drugsall,All Visits,Procedures and Drugs,counts of all visits with and without an associated procedure AND an associated drug,cfd,Completeness
Clinical Fact Documentation,cfd_labsall,All Visits,Measurement Labs,counts of all visits with and without an associated lab value,cfd,Completeness
Clinical Fact Documentation,cfd_procsall-drugsall-labsall,All Visits,"Procedures, Drugs, and Labs",counts of all visits with and without an associated procedure AND an associated drug AND an associated lab value,cfd,Completeness
Clinical Fact Documentation,cfd_payers,All Visits,Visit Payer,counts of all visits with and without an associated record in visit_payer,cfd,Completeness
Clinical Fact Documentation,cfd_immsall,All Visits,All Immunization,counts of all visits with and without an associated immunization,cfd,Completeness
Clinical Fact Documentation,cfd_obsall,All Visits,Observation,counts of all visits with and without an associated observation,cfd,Completeness
Clinical Fact Documentation,cfd_procsall-visip,Inpatient Visits,All Procedures,counts of inpatient visits (visit_concept_id = 9201 or 2000000048) with and without an associated procedure,cfd,Completeness
Clinical Fact Documentation,cfd_condsall-visip,Inpatient Visits,All Conditions,counts of inpatient visits (visit_concept_id = 9201 or 2000000048) with and without an associated condition,cfd,Completeness
Clinical Fact Documentation,cfd_drugsall-visip,Inpatient Visits,All Drugs,counts of inpatient visits (visit_concept_id = 9201 or 2000000048) with and without an associated drug,cfd,Completeness
Clinical Fact Documentation,cfd_procsall-drugsall-visip,Inpatient Visits,Procedures and Drugs,counts of inpatient visits (visit_concept_id = 9201 or 2000000048) with and without an associated procedure AND an associated drug,cfd,Completeness
Clinical Fact Documentation,cfd_labsall-visip,Inpatient Visits,Measurement Labs,counts of inpatient visits (visit_concept_id = 9201 or 2000000048) with and without an associated lab value,cfd,Completeness
Clinical Fact Documentation,cfd_procsall-drugsall-labsall-visip,Inpatient Visits,"Procedures, Drugs, and Labs",counts of inpatient visits (visit_concept_id = 9201 or 2000000048) with and without an associated procedure AND an associated drug AND an associated lab value,cfd,Completeness
Clinical Fact Documentation,cfd_payers-visip,Inpatient Visits,Visit Payer,counts of inpatient visits (visit_concept_id = 9201 or 2000000048) with and without an associated record in visit_payer,cfd,Completeness
Clinical Fact Documentation,cfd_immsall-visip,Inpatient Visits,All Immunization,counts of inpatient visits (visit_concept_id = 9201 or 2000000048) with and without an associated immunization,cfd,Completeness
Clinical Fact Documentation,cfd_icu-visip,Inpatient Visits,ICU,"counts of inpatient visits (visit_concept_id = 9201 or 2000000048) with and without an associated ICU transfer (service_concept_id = 2000000079, 2000000080, or 2000000078)",cfd,Completeness
Clinical Fact Documentation,cfd_obsall-visip,Inpatient Visits,Observation,counts of inpatient visits (visit_concept_id = 9201 or 2000000048) with and without an associated observation,cfd,Completeness
Clinical Fact Documentation,cfd_procsall-visiplong,Long Inpatient Visits,All Procedures,counts of inpatient visits (visit_concept_id = 9201 or 2000000048) longer than 2 days with and without an associated procedure,cfd,Completeness
Clinical Fact Documentation,cfd_condsall-visiplong,Long Inpatient Visits,All Conditions,counts of inpatient visits (visit_concept_id = 9201 or 2000000048) longer than 2 days with and without an associated condition,cfd,Completeness
Clinical Fact Documentation,cfd_drugsall-visiplong,Long Inpatient Visits,All Drugs,counts of inpatient visits (visit_concept_id = 9201 or 2000000048) longer than 2 days with and without an associated drug,cfd,Completeness
Clinical Fact Documentation,cfd_procsall-drugsall-visiplong,Long Inpatient Visits,Procedures and Drugs,counts of inpatient visits (visit_concept_id = 9201 or 2000000048) longer than 2 days with and without an associated procedure AND an associated drug,cfd,Completeness
Clinical Fact Documentation,cfd_labsall-visiplong,Long Inpatient Visits,Measurement Labs,counts of inpatient visits (visit_concept_id = 9201 or 2000000048) longer than 2 days with and without an associated lab value,cfd,Completeness
Clinical Fact Documentation,cfd_procsall-drugsall-labsall-visiplong,Long Inpatient Visits,"Procedures, Drugs, and Labs",counts of inpatient visits (visit_concept_id = 9201 or 2000000048) longer than 2 days with and without an associated procedure AND an associated drug AND an associated lab value,cfd,Completeness
Clinical Fact Documentation,cfd_payers-visiplong,Long Inpatient Visits,Visit Payer,counts of inpatient visits (visit_concept_id = 9201 or 2000000048) longer than 2 days with and without an associated record in visit_payer,cfd,Completeness
Clinical Fact Documentation,cfd_immsall-visiplong,Long Inpatient Visits,All Immunization,counts of inpatient visits (visit_concept_id = 9201 or 2000000048) longer than 2 days with and without an associated immunization,cfd,Completeness
Clinical Fact Documentation,cfd_icu-visiplong,Long Inpatient Visits,ICU,"counts of inpatient visits (visit_concept_id = 9201 or 2000000048) longer than 2 days with and without an associated ICU transfer (service_concept_id = 2000000079, 2000000080, or 2000000078)",cfd,Completeness
Clinical Fact Documentation,cfd_obsall-visiplong,Long Inpatient Visits,Observation,counts of inpatient visits (visit_concept_id = 9201 or 2000000048) longer than 2 days with and without an associated observation,cfd,Completeness
Clinical Fact Documentation,cfd_procsall-visop,Outpatient Visits,All Procedures,counts of outpatient visits (visit_concept_id = 9202 or 581399) with and without an associated procedure,cfd,Completeness
Clinical Fact Documentation,cfd_condsall-visop,Outpatient Visits,All Conditions,counts of outpatient visits (visit_concept_id = 9202 or 581399) with and without an associated condition,cfd,Completeness
Clinical Fact Documentation,cfd_drugsall-visop,Outpatient Visits,All Drugs,counts of outpatient visits (visit_concept_id = 9202 or 581399) with and without an associated drug,cfd,Completeness
Clinical Fact Documentation,cfd_procsall-drugsall-visop,Outpatient Visits,Procedures and Drugs,counts of outpatient visits (visit_concept_id = 9202 or 581399) with and without an associated procedure AND an associated drug,cfd,Completeness
Clinical Fact Documentation,cfd_labsall-visop,Outpatient Visits,Measurement Labs,counts of outpatient visits (visit_concept_id = 9202 or 581399) with and without an associated lab value,cfd,Completeness
Clinical Fact Documentation,cfd_procsall-drugsall-labsall-visop,Outpatient Visits,"Procedures, Drugs, and Labs",counts of outpatient visits (visit_concept_id = 9202 or 581399) with and without an associated procedure AND an associated drug AND an associated lab value,cfd,Completeness
Clinical Fact Documentation,cfd_payers-visop,Outpatient Visits,Visit Payer,counts of outpatient visits (visit_concept_id = 9202 or 581399) with and without an associated record in visit_payer,cfd,Completeness
Clinical Fact Documentation,cfd_immsall-visop,Outpatient Visits,All Immunization,counts of outpatient visits (visit_concept_id = 9202 or 581399) with and without an associated immunization,cfd,Completeness
Clinical Fact Documentation,cfd_obsall-visop,Outpatient Visits,Observation,counts of outpatient visits (visit_concept_id = 9202 or 581399) with and without an associated observation,cfd,Completeness
Clinical Fact Documentation,cfd_procsall-vised,ED Visits,All Procedures,counts of ED visits (visit_concept_id = 9203 or 2000000048) with and without an associated procedure,cfd,Completeness
Clinical Fact Documentation,cfd_condsall-vised,ED Visits,All Conditions,counts of ED visits (visit_concept_id = 9203 or 2000000048) with and without an associated condition,cfd,Completeness
Clinical Fact Documentation,cfd_drugsall-vised,ED Visits,All Drugs,counts of ED visits (visit_concept_id = 9203 or 2000000048) with and without an associated drug,cfd,Completeness
Clinical Fact Documentation,cfd_procsall-drugsall-vised,ED Visits,Procedures and Drugs,counts of ED visits (visit_concept_id = 9203 or 2000000048) with and without an associated procedure AND an associated drug,cfd,Completeness
Clinical Fact Documentation,cfd_labsall-vised,ED Visits,Measurement Labs,counts of ED visits (visit_concept_id = 9203 or 2000000048) with and without an associated lab value,cfd,Completeness
Clinical Fact Documentation,cfd_procsall-drugsall-labsall-vised,ED Visits,"Procedures, Drugs, and Labs",counts of ED visits (visit_concept_id = 9203 or 2000000048) with and without an associated procedure AND an associated drug AND an associated lab value,cfd,Completeness
Clinical Fact Documentation,cfd_payers-vised,ED Visits,Visit Payer,counts of ED visits (visit_concept_id = 9203 or 2000000048) with and without an associated record in visit_payer,cfd,Completeness
Clinical Fact Documentation,cfd_immsall-vised,ED Visits,All Immunization,counts of ED visits (visit_concept_id = 9203 or 2000000048) with and without an associated immunization,cfd,Completeness
Clinical Fact Documentation,cfd_obsall-vised,ED Visits,Observation,counts of ED visits (visit_concept_id = 9203 or 2000000048) with and without an associated observation,cfd,Completeness
Clinical Fact Documentation,cfd_procsall-viscn,Cancelled Visits,All Procedures,counts of cancelled visits (visit_source_concept_id = 2000001590) with and without an associated procedure,cfd,Completeness
Clinical Fact Documentation,cfd_condsall-viscn,Cancelled Visits,All Conditions,counts of cancelled visits (visit_source_concept_id = 2000001590) with and without an associated condition,cfd,Completeness
Clinical Fact Documentation,cfd_drugsall-viscn,Cancelled Visits,All Drugs,counts of cancelled visits (visit_source_concept_id = 2000001590) with and without an associated drug,cfd,Completeness
Clinical Fact Documentation,cfd_procsall-drugsall-viscn,Cancelled Visits,Procedures and Drugs,counts of cancelled visits (visit_source_concept_id = 2000001590) with and without an associated procedure AND an associated drug,cfd,Completeness
Clinical Fact Documentation,cfd_labsall-viscn,Cancelled Visits,Measurement Labs,counts of cancelled visits (visit_source_concept_id = 2000001590) with and without an associated lab value,cfd,Completeness
Clinical Fact Documentation,cfd_procsall-drugsall-labsall-viscn,Cancelled Visits,"Procedures, Drugs, and Labs",counts of cancelled visits (visit_source_concept_id = 2000001590) with and without an associated procedure AND an associated drug AND an associated lab value,cfd,Completeness
Clinical Fact Documentation,cfd_payers-viscn,Cancelled Visits,Visit Payer,counts of cancelled visits (visit_source_concept_id = 2000001590) with and without an associated record in visit_payer,cfd,Completeness
Clinical Fact Documentation,cfd_immsall-viscn,Cancelled Visits,All Immunization,counts of cancelled visits (visit_source_concept_id = 2000001590)with and without an associated immunization,cfd,Completeness
Clinical Fact Documentation,cfd_icuall-viscn,Cancelled Visits,ICU,"counts of cancelled visits (visit_source_concept_id = 2000001590) with and without an associated ICU transfer (service_concept_id = 2000000079, 2000000080, or 2000000078)",cfd,Completeness
Clinical Fact Documentation,cfd_obsall-viscn,Cancelled Visits,Observation,counts of cancelled visits (visit_source_concept_id = 2000001590) with and without an associated observation,cfd,Completeness
Clinical Fact Documentation,cfd_procsall-vispc,Primary Care Visits,All Procedures,counts of primary care visits (9202 visits with a provider or care site specialty from the general_practice_specialties concept set) with and without an associated procedure,cfd,Completeness
Clinical Fact Documentation,cfd_condsall-vispc,Primary Care Visits,All Conditions,counts of primary care visits (9202 visits with a provider or care site specialty from the general_practice_specialties concept set)  with and without an associated condition,cfd,Completeness
Clinical Fact Documentation,cfd_drugsall-vispc,Primary Care Visits,All Drugs,counts of primary care visits (9202 visits with a provider or care site specialty from the general_practice_specialties concept set) with and without an associated drug,cfd,Completeness
Clinical Fact Documentation,cfd_procsall-drugsall-vispc,Primary Care Visits,Procedures and Drugs,counts of primary care visits (9202 visits with a provider or care site specialty from the general_practice_specialties concept set)  with and without an associated procedure AND an associated drug,cfd,Completeness
Clinical Fact Documentation,cfd_labsall-vispc,Primary Care Visits,Measurement Labs,counts of primary care visits (9202 visits with a provider or care site specialty from the general_practice_specialties concept set)  with and without an associated lab value,cfd,Completeness
Clinical Fact Documentation,cfd_procsall-drugsall-labsall-vispc,Primary Care Visits,"Procedures, Drugs, and Labs",counts of primary care visits (9202 visits with a provider or care site specialty from the general_practice_specialties concept set)  with and without an associated procedure AND an associated drug AND an associated lab value,cfd,Completeness
Clinical Fact Documentation,cfd_payers-vispc,Primary Care Visits,Visit Payer,counts of primary care visits (9202 visits with a provider or care site specialty from the general_practice_specialties concept set)  with and without an associated record in visit_payer,cfd,Completeness
Clinical Fact Documentation,cfd_immsall-vispc,Primary Care Visits,All Immunization,counts of primary care visits (9202 visits with a provider or care site specialty from the general_practice_specialties concept set)  with and without an associated immunization,cfd,Completeness
Clinical Fact Documentation,cfd_obsall-vispc,Primary Care Visits,Observation,counts of primary care visits (9202 visits with a provider or care site specialty from the general_practice_specialties concept set) with and without an associated observation,cfd,Completeness
Missing Field: Visit ID,mf_condsall-visitid,Condition Occurrence,"Inpatient, Outpatient, and ED Conditions","for conditions excluding the problem list (condition_type_concept_id != 2000000089, 2000000090, and 2000000091), counts of visit_occurrence_ids that do not also exist in the visit_occurrence table",mf_visitid,Completeness
Missing Field: Visit ID,mf_drugsall-visitid,Drug Exposure,All Drugs,"for the full drug_exposure table, counts of visit_occurrence_ids that do not also exist in the visit_occurrence table",mf_visitid,Completeness
Missing Field: Visit ID,mf_drugspresc-visitid,Drug Exposure,Prescription Drugs,"for prescription or inpatient drugs (drug_type_concept_id != 38000175), counts of visit_occurrence_ids that do not also exist in the visit_occurrence table",mf_visitid,Completeness
Missing Field: Visit ID,mf_procsall-visitid,Procedure Occurrence,All Procedures,"for the full procedure table, counts of visit_occurrence_ids that do not also exist in the visit_occurrence table",mf_visitid,Completeness
Missing Field: Visit ID,mf_labsall-visitid,Measurement,Measurement Labs,"for lab values in the measurement table, counts of visit_occurrence_ids that do not also exist in the visit_occurrence table",mf_visitid,Completeness
Missing Field: Visit ID,mf_immsall-visitid,Immunization,All Immunization,"for the full immunization table, counts of visit_occurrence_ids that do not also exist in the visit_occurrence table",mf_visitid,Completeness
Facts Over Time,fot_immsall,Immunization,All Immunization,counts in the full immunization table in each month from 2009-01-01 to the month of the current data submission,fot,Consistency
Facts Over Time,fot_immscovid19,Immunization,COVID-19 Immunization,counts of COVID-19 immunizations (codeset: c19_immunizations; found in specs folder of GitHub repository) in each month from 2009-01-01 to the month of the current data submission,fot,Consistency
Facts Over Time,fot_appendectomy,Procedure Occurrence,Appendectomy Procedures,counts of appendectomy procedures (codeset: appendectomy; found in the specs folder of the GitHub repository) in each month from 2009-01-01 to the month of the current data submission,fot,Consistency
Facts Over Time,fot_visall,Visit Occurrence,All Visits,counts in the full visit_occurrence table in each month from 2009-01-01 to the month of the current data submission,fot,Consistency
Facts Over Time,fot_visofc,Visit Occurrence,Outpatient Visits: Office,counts of outpatient office visits (visit_concept_id = 9202) in each month from 2009-01-01 to the month of the current data submission,fot,Consistency
Facts Over Time,fot_vislabs,Visit Occurrence,Outpatient Visits: Labs,counts of outpatient lab visits (visit_concept_id = 2000000469) in each month from 2009-01-01 to the month of the current data submission,fot,Consistency
Facts Over Time,fot_visth,Visit Occurrence,Outpatient Visits: Telehealth,counts of outpatient telehealth visits (visit_concept_id = 581399) in each month from 2009-01-01 to the month of the current data submission,fot,Consistency
Facts Over Time,fot_visoa,Visit Occurrence,Outpatient Visits: Other Ambulatory,counts of outpatient other ambulatory visits (visit_concept_id = 44814711) in each month from 2009-01-01 to the month of the current data submission,fot,Consistency
Facts Over Time,fot_visip-visei,Visit Occurrence,Inpatient Visits,counts of inpatient visits (visit_concept_id = 9201 or 2000000048) in each month from 2009-01-01 to the month of the current data submission,fot,Consistency
Facts Over Time,fot_vised,Visit Occurrence,Inpatient or ED to Inpatient Visits,counts of emergency visits (visit_concept_id = 9203) in each month from 2009-01-01 to the month of the current data submission,fot,Consistency
Facts Over Time,fot_visobs,Visit Occurrence,Observation Visits,counts of observation visits (visit_concept_id = 2000000088) in each month from 2009-01-01 to the month of the current data submission,fot,Consistency
Facts Over Time,fot_procsall-visop,Procedure Occurrence,Outpatient Procedures,counts of outpatient procedures (visit_concept_id = 9202 when inner joined to visit_occurrence) in each month from 2009-01-01 to the month of the current data submission¬†,fot,Consistency
Facts Over Time,fot_adtpicu,ADT Occurrence,PICU,counts of PICU (service_concept_id = 2000000078) in each month from 2009-01-01 to the month of the current data submission,fot,Consistency
Facts Over Time,fot_adtnicu,ADT Occurrence,NICU,counts of NICU (service_concept_id = 2000000080) in each month from 2009-01-01 to the month of the current data submission,fot,Consistency
Facts Over Time,fot_adtcicu,ADT Occurrence,CICU,counts of CICU (service_concept_id = 2000000079) in each month from 2009-01-01 to the month of the current data submission,fot,Consistency
Facts Over Time,fot_drugspresc,Drug Exposure,Prescription Drugs,counts of prescription drugs (drug_type_concept_id = 3800177) in each month from 2009-01-01 to the month of the current data submission,fot,Consistency
Facts Over Time,fot_drugsip,Drug Exposure,Inpatient Administrations,counts of inpatient administrations (drug_type_concept_id = 38000180) in each month from 2009-01-01 to the month of the current data submission,fot,Consistency
Facts Over Time,fot_condsall,Condition Occurrence,All Conditions,counts of all conditions in each month from 2009-01-01 to the month of the current data submission,fot,Consistency
Facts Over Time,fot_condsop,Condition Occurrence,Outpatient Conditions: All,"counts of all outpatient conditions (condition_type_concept_id = 2000000095, 2000000096, 2000000097, 2000000101, 2000000102, or 2000000103) in each month from 2009-01-01 to the month of the current data submission",fot,Consistency
Facts Over Time,fot_condsip,Condition Occurrence,Inpatient Conditions: All,"counts of all inpatient conditions (condition_type_concept_id = 2000000092, 2000000093, 2000000094, 2000000098, 2000000099, or 2000000100) in each month from 2009-01-01 to the month of the current data submission",fot,Consistency
Facts Over Time,fot_condsed,Condition Occurrence,ED Conditions: All,"counts of all emergency department conditions (condition_type_concept_id = 2000001280, 2000001281, 2000001282, 2000001283, 2000001284, or 2000001285) in each month from 2009-01-01 to the month of the current data submission",fot,Consistency
Facts Over Time,fot_condsopbill,Condition Occurrence,Outpatient Conditions: Billing,"counts of billed outpatient conditions (condition_type_concept_id = 2000000096, 2000000097, 2000000102, or 2000000103) in each month from 2009-01-01 to the month of the current data submission",fot,Consistency
Facts Over Time,fot_condsoporder,Condition Occurrence,Outpatient Conditions: Order,counts of ordered outpatient conditions (condition_type_concept_id = 2000000095 or 2000000101) in each month from 2009-01-01 to the month of the current data submission,fot,Consistency
Facts Over Time,fot_condsiporder,Condition Occurrence,Inpatient Conditions: Order,counts of ordered inpatient conditions (condition_type_concept_id = 2000000092 or 2000000098) in each month from 2009-01-01 to the month of the current data submission,fot,Consistency
Facts Over Time,fot_condsipbill,Condition Occurrence,Inpatient Conditions: Billing,"counts of billed inpatient conditions (condition_type_concept_id = 2000000099, 2000000100, 2000000093, or 2000000094) in each month from 2009-01-01 to the month of the current data submission",fot,Consistency
Facts Over Time,fot_measall-visofc,Measurement,Outpatient Labs,counts of outpatient lab values (visit_concept_id = 9202 when inner joined to visit_occurrence) in each month from 2009-01-01 to the month of the current data submission,fot,Consistency
Facts Over Time,fot_drugsip-visofc,Drug Exposure,Outpatient Administrations,counts of outpatient administrations (drug_type_concept_id = 38000180 and visit_concept_id = 9202 when inner joined to visit_occurrence) in each month from 2009-01-01 to the month of the current data submission,fot,Consistency
Facts Over Time,fot_drugspresc-visip,Drug Exposure,Inpatient Prescriptions,counts of inpatient prescriptions (drug_type_concept_id = 38000177 and visit_concept_id = 9201 or 2000000048 when inner joined to visit_occurrence) in each month from 2009-01-01 to the month of the current data submission,fot,Consistency
Facts Over Time,fot_ht,Measurement,Height,counts of heights (measurement_concept_id = 3023540) in each month from 2009-01-01 to the month of the current data submission,fot,Consistency
Facts Over Time,fot_wt,Measurement,Weight,counts of weights (measurement_concept_id = 3013762) in each month from 2009-01-01 to the month of the current data submission,fot,Consistency
Facts Over Time,fot_sbp,Measurement,Systolic Blood Pressure,"counts of systolic blood pressure values (measurement_concept_id = 3018586, 3035856, 3009395, or 3004249) in each month from 2009-01-01 to the month of the current data submission",fot,Consistency
Facts Over Time,fot_dbp,Measurement,Diastolic Blood Pressure,"counts of diastolic blood pressure values (measurement_concept_id = 3034703, 3019962, 3013940, or 3012888) in each month from 2009-01-01 to the month of the current data submission",fot,Consistency
Facts Over Time,fot_drugsrprt,Drug Exposure,Patient Reported Drugs,counts of patient reported drugs (drug_type_concept_id = 32685) in each month from 2009-01-01 to the month of the current data submission,fot,Consistency
Facts Over Time,fot_sdohaud,Observation,SDOH - Alcohol Use Disorder,counts of Alcohol Use Disorder SDOH survey data in each month from 2009-01-01 to the month of the current data submission,fot,Consistency
Facts Over Time,fot_sdohfood,Observation,SDOH - Food Insecurity,counts of Food Insecurity SDOH survey data in each month from 2009-01-01 to the month of the current data submission,fot,Consistency
Facts Over Time,fot_sdohlit,Observation,SDOH - Health Literacy,counts of Health Literacy SDOH survey data in each month from 2009-01-01 to the month of the current data submission,fot,Consistency
Facts Over Time,fot_sdohhous,Observation,SDOH - Housing Stability,counts of Housing Stability SDOH survey data in each month from 2009-01-01 to the month of the current data submission,fot,Consistency
Facts Over Time,fot_sdohipv,Observation,SDOH - Intimate Partner Violence,counts of Intimate Partner Violence SDOH survey data in each month from 2009-01-01 to the month of the current data submission,fot,Consistency
Facts Over Time,fot_sdohmdd,Observation,SDOH - Depression,counts of Depression SDOH survey data in each month from 2009-01-01 to the month of the current data submission,fot,Consistency
Facts Over Time,fot_sdohact,Observation,SDOH - Physical Activity,counts of Physical Activity SDOH survey data in each month from 2009-01-01 to the month of the current data submission,fot,Consistency
Facts Over Time,fot_sdohppd,Observation,SDOH - Postpartum Depression,counts of Postpartum Depression SDOH survey data in each month from 2009-01-01 to the month of the current data submission,fot,Consistency
Facts Over Time,fot_sdohstress,Observation,SDOH - Stress,counts of Stress SDOH survey data in each month from 2009-01-01 to the month of the current data submission,fot,Consistency
Facts Over Time,fot_sdohutil,Observation,SDOH - Utilities,counts of Utilities SDOH survey data in each month from 2009-01-01 to the month of the current data submission,fot,Consistency
Facts Over Time,fot_promisanxiety,Observation,PROMIS - Anxiety,counts of Anxiety PROMIS survey data in each month from 2009-01-01 to the month of the current data submission,fot,Consistency
Facts Over Time,fot_promismdd,Observation,PROMIS - Depression,counts of Depression PROMIS survey data in each month from 2009-01-01 to the month of the current data submission,fot,Consistency
Facts Over Time,fot_promisglobal,Observation,PROMIS - Global,counts of Global PROMIS survey data in each month from 2009-01-01 to the month of the current data submission,fot,Consistency
Facts Over Time,fot_promispainbehav,Observation,PROMIS - Pain Behavior,counts of Pain Behavior PROMIS survey data in each month from 2009-01-01 to the month of the current data submission,fot,Consistency
Facts Over Time,fot_promispainintens,Observation,PROMIS - Pain Intensity,counts of Pain Intensity PROMIS survey data in each month from 2009-01-01 to the month of the current data submission,fot,Consistency
Facts Over Time,fot_promispaininterf,Observation,PROMIS - Pain Interference,counts of Pain Interference PROMIS survey data in each month from 2009-01-01 to the month of the current data submission,fot,Consistency
Facts Over Time,fot_promisphysfunc,Observation,PROMIS - Physical Function,counts of Physical Function PROMIS survey data in each month from 2009-01-01 to the month of the current data submission,fot,Consistency
Facts Over Time,fot_visgp,Visit Occurrence,General Practice Visits,counts of General Practice visits in each month from 2009-01-01 to the month of the current data submission,fot,Consistency
Facts Over Time,fot_visall-condswcc-procswcc,Condition Occurrence or Procedure Occurrence,Visits with Well-Child Code,counts of visits with a well-child procedure or diagnosis code in each month from 2009-01-01 to the month of the current data submission,fot,Consistency
Unmapped Concepts,uc_drugsall,Drug Exposure,All Drugs,"for the full drug_exposure table, counts of drug_concept_ids mapped to 44814650, 0, 44814653, or 44814649",uc,Completeness
Unmapped Concepts,uc_drugsip,Drug Exposure,Inpatient Administrations,"for inpatient administrations (drug_type_concept_id = 38000180), counts of drug_concept_ids mapped to 44814650, 0, 44814653, or 44814649",uc,Completeness
Unmapped Concepts,uc_drugspresc,Drug Exposure,Prescription Drugs,"for prescription drugs (drug_type_concept_id = 38000177), counts of drug_concept_ids mapped to 44814650, 0, 44814653, or 44814649",uc,Completeness
Unmapped Concepts,uc_drugs-doseunits,Drug Exposure,Drug Dose Unit,"for the full drug_exposure table, counts of dose_unit_concept_ids mapped to 44814650, 0, 44814653, or 44814649",uc,Completeness
Unmapped Concepts,uc_drugs-route,Drug Exposure,Drug Route,"for the full drug_exposure table, counts of route_concept_ids mapped to 44814650, 0, 44814653, or 44814649",uc,Completeness
Unmapped Concepts,uc_condsall,Condition Occurrence,All Conditions,"for the full condition_occurrence table, counts of condition_concept_ids mapped to 44814650, 0, 44814653, or 44814649",uc,Completeness
Unmapped Concepts,uc_condsall-scid,Condition Occurrence,Condition Sources,"for the full condition_occurrence table, counts of condition_source_concept_ids mapped to 44814650, 0, 44814653, or 44814649",uc,Completeness
Unmapped Concepts,uc_labsall,Measurement,Measurement Labs,"for lab values in the measurement table, counts of measurement_concept_ids mapped to 44814650, 0, 44814653, or 44814649",uc,Completeness
Unmapped Concepts,uc_labs-units,Measurement,Lab Units,"for QUANTITATIVE lab values (labs where value_as_number is not NULL or 9999) in the measurement table, counts of unit_concept_ids mapped to 44814650, 0, 44814653, or 44814649",uc,Completeness
Unmapped Concepts,uc_immsall,Immunization,All Immunization,"for the full immunization table, counts of immunization_concept_ids mapped to 44814650, 0, 44814653, or 44814649",uc,Completeness
Unmapped Concepts,uc_immsall-doseunits,Immunization,Immunization Dose Unit,"for the full immunization table, counts of imm_dose_unit_concept_ids mapped to 44814650, 0, 44814653, or 44814649",uc,Completeness
Unmapped Concepts,uc_immsall-route,Immunization,Immunization Route,"for the full immmunization table, counts of imm_route_concept_ids mapped to 44814650, 0, 44814653, or 44814649",uc,Completeness
Unmapped Concepts,uc_procsall,Procedure Occurrence,All Procedures,"for the full procedure table, counts of procedure_concept_ids mapped to 44814650, 0, 44814653, or 44814649",uc,Completeness
Unmapped Concepts,uc_procsord,Procedure Occurrence,Ordered Procedures,"for ordered procedures (procedure_type_concept_id = 2000001494 or 38000275), counts of procedure_concept_ids mapped to 44814650, 0, 44814653, or 44814649",uc,Completeness
Unmapped Concepts,uc_procsbill,Procedure Occurrence,Billed Procedures,"for billed procedures (procedure_type_concept_id = 44786630 or 44786631), counts of procedure_concept_ids mapped to 44814650, 0, 44814653, or 44814649",uc,Completeness
Unmapped Concepts,uc_payers-payertype,Visit Payer,plan_type,"for all payers, counts of plan_type mapped to Other/Unknown",uc,Completeness
Unmapped Concepts,uc_payers-payerclass,Visit Payer,plan_class,"for all payers, counts of plan_class mapped to Other/Unknown",uc,Completeness
Unmapped Concepts,uc_drugsrprt,Drug Exposure,Patient Reported Drugs,"for patient reported drugs (drug_type_concept_id = 32865), counts of drug_concept_ids mapped to 44814650, 0, 44814653, or 44814649",uc,Completeness
Unmapped Concepts,uc_gestage,Person,Gestational Age,"for patients whose first visit occurred at <= 2 years of age, count of patients with a gesational age that is NULL or 0",uc,Completeness
Vocabulary Conformance,vc_procsall-cid,Procedure Occurrence,procedure_concept_id,"counts of all available vocabularies in procedure_concept_id, flagging when the vocabulary is not conformant to the acceptable values of: ICD10CM, CPT4, ICD9CM, ICD10, ICD9, ICD10PCS, ICD9Proc, HCPCS, SNOMED",vc,Conformance
Vocabulary Conformance,vc_procsall-scid,Procedure Occurrence,procedure_source_concept_id,"counts of all available vocabularies in procedure_source_concept_id, flagging when the vocabulary is not conformant to the acceptable values of: ICD10CM, CPT4, ICD9CM, ICD10, ICD9, ICD10PCS, ICD9Proc, HCPCS",vc,Conformance
Vocabulary Conformance,vc_condsall-scid,Condition Occurrence,condition_source_concept_id,"counts of all available vocabularies in condition_source_concept_id, flagging when the vocabulary is not conformant to the acceptable values of: ICD9, ICD10CM, ICD10, ICD10CM",vc,Conformance
Vocabulary Conformance,vc_immsall-doseunitcid,Immunization,imm_dose_unit_concept_id,"counts of all available vocabularies in imm_dose_unit_concept_id, flagging when the vocabulary is not conformant to the acceptable values of: UCUM",vc,Conformance
Vocabulary Conformance,vc_deathall-cause,Death,cause_concept_id,"counts of all available vocabularies cause_concept_id, flagging when the vocabulary is not conformant to the acceptable values of: SNOMED, OMOP Extension",vc,Conformance
Vocabulary Conformance,vc_condsall-cid,Condition Occurrence,condition_concept_id,"counts of all available vocabularies in condition_concept_id, flagging when the vocabulary is not conformant to the acceptable values of: SNOMED, OMOP Extension",vc,Conformance
Vocabulary Conformance,vc_drugsall-cid,Drug Exposure,drug_concept_id,"counts of all available vocabularies in drug_concept_id, flagging when the vocabulary is not conformant to the acceptable values of: RxNorm, RxNorm Extension",vc,Conformance
Vocabulary Conformance,vc_immsall-cid,Immunization,immunization_concept_id,"counts of all available vocabularies in immunization_concept_id, flagging when the vocabulary is not conformant to the acceptable values of: CVX",vc,Conformance
Vocabulary Conformance,vc_drugsall-doseunitcid,Drug Exposure,dose_unit_concept_id,"counts of all available vocabularies in dose_unit_concept_id, flagging when the vocabulary is not conformant to the acceptable values of: UCUM",vc,Conformance
Vocabulary Conformance,vc_labsall-cid,Measurement Labs,measurement_concept_id,"counts of all available vocabularies in measurement_concept_id, flagging when the vocabulary is not conformant to the acceptable values of: LOINC, SNOMED, PEDSnet",vc,Conformance
Value Set Conformance,vs_adtall-servcid,ADT Occurrence,service_concept_id,counts of concepts in service_concept_id that are not part of the list of concepts in valueset_service (found in the specs folder of the GitHub repository),vs,Conformance
Value Set Conformance,vs_adtall-typecid,ADT Occurrence,adt_type_concept_id,counts of concepts in adt_type_concept_id that are not part of the list of concepts in valueset_adt_event_type (found in the specs folder of the GitHub repository),vs,Conformance
Value Set Conformance,vs_obsall-cid,Observation,observation_concept_id,counts of concepts in observation_concept_id that are not part of the list of concepts in valueset_observation (found in the specs folder of the GitHub repository),vs,Conformance
Value Set Conformance,vs_immall-routecid,Immunization,imm_route_concept_id,counts of concepts in imm_route_concept_id that are not part of the list of concepts in valueset_imm_route (found in the specs folder of the GitHub repository),vs,Conformance
Value Set Conformance,vs_demog-race,Person,race_concept_id,counts of concepts in race_concept_id that are not part of the list of concepts in valueset_race (found in the specs folder of the GitHub repository),vs,Conformance
Value Set Conformance,vs_demog-eth,Person,ethnicity_concept_id,counts of concepts in ethnicity_concept_id that are not part of the list of concepts in valueset_ethnicity (found in the specs folder of the GitHub repository),vs,Conformance
Value Set Conformance,vs_hvsall,Observation,Hunger Vital Signs value_as_concept_id,"counts of concepts in value_as_concept_id where observation_concept_id = 37116643, 40192426, or 40192517 that are not part of the list of concepts in valueset_hvs (found in the specs folder of the GitHub repository)",vs,Conformance
Value Set Conformance,vs_race-eth,Observation,OMB Race/Ethnicity value_as_concept_id,counts of concepts in value_as_concept_id where observation_concept_id = 3050381 that are not part of the list of concepts in valueset_race_ethnicity (found in the specs folder in the GitHub repository),vs,Conformance
Value Set Conformance,vs_sdohaud,Observation,SDOH - Alcohol Use Disorder Responses,counts of concepts in value_as_concept_id where observation_concept_id belongs to sdoh_aud that are not part of the list of concepts in sdoh_aud_values (found in the specs folder of the GitHub repository),vs,Conformance
Value Set Conformance,vs_sdohfood,Observation,SDOH - Food Insecurity Responses,counts of concepts in value_as_concept_id where observation_concept_id belongs to sdoh_food_insecurity that are not part of the list of concepts in sdoh_food_insecurity_values (found in the specs folder of the GitHub repository),vs,Conformance
Value Set Conformance,vs_sdohlit,Observation,SDOH - Health Literacy Responses,counts of concepts in value_as_concept_id where observation_concept_id belongs to sdoh_health_literacy that are not part of the list of concepts in sdoh_health_literacy_values (found in the specs folder of the GitHub repository),vs,Conformance
Value Set Conformance,vs_sdohhous,Observation,SDOH - Housing Stability Responses,counts of concepts in value_as_concept_id where observation_concept_id belongs to sdoh_housing_stability that are not part of the list of concepts in sdoh_housing_stability_values (found in the specs folder of the GitHub repository),vs,Conformance
Value Set Conformance,vs_sdohipv,Observation,SDOH - Intimate Partner Violence Responses,counts of concepts in value_as_concept_id where observation_concept_id belongs to sdoh_ipv that are not part of the list of concepts in sdoh_ipv_values (found in the specs folder of the GitHub repository),vs,Conformance
Value Set Conformance,vs_sdohmdd,Observation,SDOH - Depression Responses,counts of concepts in value_as_concept_id where observation_concept_id belongs to sdoh_mdd that are not part of the list of concepts in sdoh_mdd_values (found in the specs folder of the GitHub repository),vs,Conformance
Value Set Conformance,vs_sdohact,Observation,SDOH - Physical Activity Responses,counts of concepts in value_as_concept_id where observation_concept_id belongs to sdoh_physical_activity that are not part of the list of concepts in sdoh_physical_activity_values (found in the specs folder of the GitHub repository),vs,Conformance
Value Set Conformance,vs_sdohppd,Observation,SDOH - Postpartum Depression Responses,counts of concepts in value_as_concept_id where observation_concept_id belongs to sdoh_ppd that are not part of the list of concepts in sdoh_ppd_values (found in the specs folder of the GitHub repository),vs,Conformance
Value Set Conformance,vs_sdohstress,Observation,SDOH - Stress Responses,counts of concepts in value_as_concept_id where observation_concept_id belongs to sdoh_stress that are not part of the list of concepts in sdoh_stress_values (found in the specs folder of the GitHub repository),vs,Conformance
Value Set Conformance,vs_sdohutil,Observation,SDOH - Utilities Responses,counts of concepts in value_as_concept_id where observation_concept_id belongs to sdoh_utilities that are not part of the list of concepts in sdoh_utilities_values (found in the specs folder of the GitHub repository),vs,Conformance
Value Set Conformance,vs_promisanxiety,Observation,PROMIS - Anxiety Responses,counts of concepts in value_as_concept_id where observation_concept_id belongs to promis_anxiety  that are not part of the list of concepts in promis_anxiety_values (found in the specs folder of the GitHub repository),vs,Conformance
Value Set Conformance,vs_promismdd,Observation,PROMIS - Depression Responses,counts of concepts in value_as_concept_id where observation_concept_id belongs to promis_mdd that are not part of the list of concepts in promis_mdd_values (found in the specs folder of the GitHub repository),vs,Conformance
Value Set Conformance,vs_promisglobal,Observation,PROMIS - Global Responses,counts of concepts in value_as_concept_id where observation_concept_id belongs to promis_global that are not part of the list of concepts in promis_global_values (found in the specs folder of the GitHub repository),vs,Conformance
Value Set Conformance,vs_promispainbehav,Observation,PROMIS - Pain Behavior Responses,counts of concepts in value_as_concept_id where observation_concept_id belongs to promis_pain_behavior that are not part of the list of concepts in promis_pain_behavior_values (found in the specs folder of the GitHub repository),vs,Conformance
Value Set Conformance,vs_promispainintens,Observation,PROMIS - Pain Intensity Responses,counts of concepts in value_as_concept_id where observation_concept_id belongs to promis_pain_intensity that are not part of the list of concepts in promis_pain_intensity_values (found in the specs folder of the GitHub repository),vs,Conformance
Value Set Conformance,vs_promispaininterf,Observation,PROMIS - Pain Interference Responses,counts of concepts in value_as_concept_id where observation_concept_id belongs to promis_pain_interference that are not part of the list of concepts in promis_pain_interference_values (found in the specs folder of the GitHub repository),vs,Conformance
Value Set Conformance,vs_promisphysfunc,Observation,PROMIS - Physical Function Responses,counts of concepts in value_as_concept_id where observation_concept_id belongs to promis_physical_function that are not part of the list of concepts in promis_physical_function_values (found in the specs folder of the GitHub repository),vs,Conformance